feeder_canonical,latitude,longitude,service_radius_km,confidence,setting,anchor
SAMONDA,7.4306,3.9081,2.5,high,urban,"OSM place=neighbourhood ""Samonda"", Ibadan North"
APETE,7.4492,3.8722,2.5,high,urban,"OSM place=neighbourhood ""Apete"", Ido"
ERUWA TOWN,7.5333,3.4167,4.0,high,rural,"OSM place=town ""Eruwa"", Ibarapa East"
ERUWA/LANLATE,7.5666,3.4332,6.0,medium,rural,"Midpoint of OSM place=town ""Eruwa"" (7.5333, 3.4167) and place=village ""Lanlate"" (7.5998, 3.4496); radius covers both towns"
AGODI 1,7.3977,3.9218,2.5,medium,urban,"OSM ""Agodi Gate"" water corporation reservoir; no place node for Agodi exists, and the two Agodi feeders cannot be told apart spatially"
AGODI 2,7.3977,3.9218,2.5,medium,urban,"Same anchor as AGODI 1, see above"
ELEYELE,7.4334,3.8688,2.5,medium,urban,"OSM natural=water ""Eleyele Reservoir""; the bounded place search returns an unrelated ""Eleiyele"" village 30 km west, which is not this feeder"
FAN MILK,7.4079,3.8714,2.5,medium,urban,"OSM landuse=industrial ""Fan Milk"" factory, Eleyele Road"
INDUSTRIAL,7.3078,3.8732,2.5,medium,urban,"OSM landuse=industrial at the BAT factory, Podo, Oluyole industrial area"
IYAGANKU,7.3864,3.8746,2.5,medium,urban,"OSM highway=trunk ""Iyaganku Road"", Ibadan South West"
LIBERTY,7.3660,3.8741,2.5,medium,urban,"OSM leisure=stadium ""Liberty Stadium"", Ososami Road"
OMI ADIO,7.4091,3.7474,2.5,medium,peri-urban,"OSM railway=station ""Omi-Adio Station"", Old Abeokuta Road"
OLUYOLE,7.3078,3.8732,2.5,low,urban,"""Oluyole"" in OSM is an LGA, an estate and several unrelated streets; anchored to the Oluyole industrial area (same point as INDUSTRIAL) as the least ambiguous candidate"
APATA,,,,unlocated,,"No OSM place, road or landmark found for Apata within the Ibadan area"
EXPRESS,,,,unlocated,,"Ambiguous: several roads in Ibadan are locally called ""express"" (Lagos-Ibadan Expressway, Challenge express road)"
INTERCHANGE,,,,unlocated,,"No OSM feature found; likely a highway interchange, but which one cannot be determined"
ROM,,,,unlocated,,"No OSM feature found; the name is probably an abbreviation"
MINISTER,,,,unlocated,,"No OSM feature found"
